objectIdFieldName,globalIdFieldName,geometryType,spatialReference__wkid,spatialReference__latestWkid,fields__name,fields__alias,fields__type,fields__length,features__attributes__ADDRESS_POINT_ID,features__attributes__ADDRESS_NUMBER,features__attributes__LINEAR_NAME_FULL,features__attributes__ADDRESS_FULL,features__attributes__POSTAL_CODE,features__attributes__MUNICIPALITY,features__attributes__CITY,features__attributes__PLACE_NAME,features__attributes__GENERAL_USE_CODE,features__attributes__CENTRELINE_ID,features__attributes__LO_NUM,features__attributes__LO_NUM_SUF,features__attributes__HI_NUM,features__attributes__HI_NUM_SUF,features__attributes__LINEAR_NAME_ID,features__attributes__X,features__attributes__Y,features__attributes__LONGITUDE,features__attributes__LATITUDE,features__attributes__MAINT_STAGE,features__attributes__OBJECTID,features__attributes__PT_ID,features__attributes__PT_TYPE,features__attributes__PT_NAME,features__attributes__PT_CONN_ROUTE,features__attributes__PT_PUB_PARK,features__attributes__PT_KISS_RIDE,features__attributes__PT_ESCALATOR,features__attributes__PT_ELEVATOR,features__attributes__PT_TRANSF_REQ,features__attributes__PT_PUB_WASH,features__attributes__PT_PHONE,features__attributes__PT_OTHER_TRAN,features__attributes__PT_WEBSITE,features__attributes__PT_EXTRA1,features__attributes__PT_EXTRA2,features__geometry__x,features__geometry__y
OBJECTID,,esriGeometryPoint,102100,3857,ADDRESS_POINT_ID,ADDRESS_POINT_ID,esriFieldTypeInteger,,11272589,2190,Yonge St,2190 Yonge St,M4S 2B8,former Toronto,Toronto,null,115001,14230407,2190,null,null,null,4733,312992.021,4840603.6,-79.39835772,43.70534682,REGULAR,1657924,1017,Subway Stations,EGLINTON,"5,C - 32,B,C - 34,C - 51 - 54,A - 56 - 61,A - 97,A,B,C,D - 100 - 103",No,No,"Train Platform to Mezzanine, Bus Platform and Street",Yes,"97,A,B,C,D Only",Yes,(416) 393-4636,null,http://www.ttc.ca/Subway/Stations/Eglinton/station.jsp,null,null,-8838584.39,5419955.255
,,,,,ADDRESS_NUMBER,ADDRESS_NUMBER,esriFieldTypeString,20,7273830,1900,Yonge St,1900 Yonge St,M4S 1Z2,former Toronto,Toronto,null,115001,7273833,1900,null,null,null,4733,313092.378,4839771.886,-79.3971253,43.69785923,REGULAR,2521081,1016,Subway Stations,DAVISVILLE,"11,A,C - 14 - 28 - 97,A,B,C,D",No,No,"Train Platform to Mezzanine, Bus Platform and Street",Yes,No,No,(416) 393-4636,null,http://www.ttc.ca/Subway/Stations/Davisville/station.jsp,null,null,-8838447.198,5418802.316
,,,,,LINEAR_NAME_FULL,LINEAR_NAME_FULL,esriFieldTypeString,110,14076438,15,St Clair Ave E,15 St Clair Ave E,M4T 1L8,former Toronto,Toronto,null,115001,10133200,15,null,null,null,339,313427.332,4838690.444,-79.39298707,43.68812105,REGULAR,1650935,1019,Subway Stations,ST CLAIR,"74 - 88,A,B,C - 97C,D - 97B - 512",No,No,"Train Platform to Mezzanine, Streetcar Platform and Street",Yes,97B Only,No,(416) 393-4636,null,http://www.ttc.ca/Subway/Stations/St_Clair/station.jsp,null,null,-8837986.533,5417303.047
,,,,,ADDRESS_FULL,ADDRESS_FULL,esriFieldTypeString,131,8681089,16,Shaftesbury Ave,16 Shaftesbury Ave,null,former Toronto,Toronto,null,115001,14122829,16,null,null,null,4383,313605.142,4838044.155,-79.39079202,43.68230153,REGULAR,2102733,1018,Subway Stations,SUMMERHILL,97B,No,No,No,No,Yes,No,(416) 393-4636,null,http://www.ttc.ca/Subway/Stations/Summerhill/station.jsp,null,null,-8837742.18,5416407.202
,,,,,POSTAL_CODE,POSTAL_CODE,esriFieldTypeString,7,788874,7,Crescent Rd,7 Crescent Rd,null,former Toronto,Toronto,null,115001,30089764,7,null,null,null,3238,313770.602,4837449.366,-79.38874645,43.67693709,REGULAR,4171070,1024,Subway Stations,ROSEDALE,82 - 97B,No,No,No,No,97B Only,No,(416) 393-4636,null,http://www.ttc.ca/Subway/Stations/Rosedale/station.jsp,null,null,-8837514.83,5415582.811
,,,,,MUNICIPALITY,MUNICIPALITY,esriFieldTypeString,15,8535683,35,Bloor St E,35 Bloor St E,M4W 1A9,former Toronto,Toronto,null,115001,30018013,35,null,null,null,3020,314030.143,4836710.509,-79.38554351,43.67029182,REGULAR,3005204,1026,Subway Stations,BLOOR-YONGE,97B,No,No,Train Platform to Mezzanine and Street,Yes,Yes,Yes,(416) 393-4636,null,http://www.ttc.ca/Subway/Stations/Bloor-Yonge/station.jsp,null,null,-8837157.919,5414558.728
,,,,,CITY,CITY,esriFieldTypeString,7,395735,701,Warden Ave,701 Warden Ave,M1L 3Z5,Scarborough,Toronto,null,115001,30069326,701,null,null,null,9187,322571.573,4841317.536,-79.27946972,43.71159702,REGULAR,3834988,1011,Subway Stations,WARDEN,"9 - 16 - 17,A,C - 68 - 69,B - 70 - 102,A,B,C,D - 135",Yes,Yes,Train Platform to Mezzanine,No,No,Yes,(416) 393-4636,null,http://www.ttc.ca/Subway/Stations/Warden/station.jsp,null,null,-8825350.199,5420919.093
,,,,,PLACE_NAME,PLACE_NAME,esriFieldTypeString,200,8408493,1234,Bay St,1234 Bay St,null,former Toronto,Toronto,null,115001,14014177,1234,null,null,null,2962,313661.467,4836709.439,-79.39011534,43.67028667,REGULAR,2124976,1028,Subway Stations,BAY,"6,A,B",No,No,Train Platform to Mezzanine and Street,No,Yes,No,(416) 393-4636,null,http://www.ttc.ca/Subway/Stations/Bay/station.jsp,null,null,-8837666.853,5414557.936
,,,,,GENERAL_USE_CODE,GENERAL_USE_CODE,esriFieldTypeInteger,,6913359,370,St Clair Ave W,370 St Clair Ave W,M5P 1N4,former Toronto,Toronto,null,115001,30076115,370,null,null,null,890,311645.336,4838236.59,-79.41509401,43.68404574,REGULAR,4103979,1020,Subway Stations,ST CLAIR WEST,"7A - 33 - 90,A - 126 - 512",No,No,"Train Platform to Mezzanine, Bus Platform and Street",No,No,No,(416) 393-4636,null,http://www.ttc.ca/Subway/Stations/St_Clair_West/station.jsp,null,null,-8840447.827,5416677.016
,,,,,CENTRELINE_ID,CENTRELINE_ID,esriFieldTypeInteger,,4030665,139,St George St,139 St George St,M5R 2L8,former Toronto,Toronto,null,115001,4030663,139,null,null,null,9786,312879.649,4836485.3,-79.39981373,43.66827803,REGULAR,2011322,1029,Subway Stations,ST GEORGE,26,No,No,Train Platform to Mezzanine and Street,Yes,No,No,(416) 393-4636,null,http://www.ttc.ca/Subway/Stations/St_George/station.jsp,null,null,-8838746.473,5414248.813
,,,,,LO_NUM,LO_NUM,esriFieldTypeInteger,,8141047,75,Queen's Park,75 Queen's Park,null,former Toronto,Toronto,null,115001,8141030,75,null,null,null,11267,313444.444,4836316.141,-79.39281286,43.66674903,REGULAR,2047365,1030,Subway Stations,MUSEUM,"5,C - 142",No,No,Train Platform to Mezzanine,No,Yes,No,(416) 393-4636,null,http://www.ttc.ca/Subway/Stations/Museum/station.jsp,null,null,-8837967.14,5414013.51
,,,,,LO_NUM_SUF,LO_NUM_SUF,esriFieldTypeString,3,7754566,16,Wellesley St E,16 Wellesley St E,M4Y 1G2,former Toronto,Toronto,null,115001,14673541,16,null,null,null,4648,314160.307,4836155.441,-79.38393902,43.66529384,REGULAR,1930649,1025,Subway Stations,WELLESLEY,"94,C - 97B",No,No,Train Platform to Street,No,97B Only,No,(416) 393-4636,null,http://www.ttc.ca/Subway/Stations/Wellesley/station.jsp,null,null,-8836979.309,5413789.573
,,,,,HI_NUM,HI_NUM,esriFieldTypeInteger,,8540540,633,Sherbourne St,633 Sherbourne St,M4X 1L7,former Toronto,Toronto,null,115001,8540536,633,null,null,null,4391,314763.184,4836906.827,-79.37644649,43.67204089,REGULAR,3816786,1027,Subway Stations,SHERBOURNE,75,No,No,Train Platform to Mezzanine and Street,No,Yes,No,(416) 393-4636,null,http://www.ttc.ca/Subway/Stations/Sherbourne/station.jsp,null,null,-8836145.604,5414829.234
,,,,,HI_NUM_SUF,HI_NUM_SUF,esriFieldTypeString,3,8540639,600,Bloor St E,600 Bloor St E,M4W 3Z2,former Toronto,Toronto,null,115001,8540612,600,null,null,null,3020,315327.199,4837039.528,-79.36945279,43.67323618,REGULAR,3117293,1023,Subway Stations,CASTLE FRANK,"65,A,D - 94,C",No,No,Train Platform to Mezzanine and Street,No,No,No,(416) 393-4636,null,http://www.ttc.ca/Subway/Stations/Castle_Frank/station.jsp,null,null,-8835366.709,5415011.875
,,,,,LINEAR_NAME_ID,LINEAR_NAME_ID,esriFieldTypeDouble,,10835316,769,Broadview Ave,769 Broadview Ave,null,former Toronto,Toronto,"Broadview Subway Station Parkette,Subway Surplus Lands - 3",115001,14036120,769,null,null,null,44,316211.612,4837451.827,-79.35847304,43.67692577,REGULAR,3836448,1022,Subway Stations,BROADVIEW,"8 - 62 - 87,A,B - 100,A,D - 504 - 505",No,No,"Train Platform to Mezzanine, Bus Platform and Street",Yes,No,No,(416) 393-4636,null,http://www.ttc.ca/Subway/Stations/Broadview/station.jsp,null,null,-8834144.809,5415581.068
,,,,,X,X,esriFieldTypeDouble,,10834581,22,Chester Ave,22 Chester Ave,M4K 2Z9,former Toronto,Toronto,null,115001,30017230,22,null,null,null,61,316690.241,4837597.736,-79.35253711,43.67824022,REGULAR,2995705,1021,Subway Stations,CHESTER,null,No,No,Train Platform to Mezzanine and Street,No,No,No,(416) 393-4636,null,http://www.ttc.ca/Subway/Stations/Chester/station.jsp,null,null,-8833483.665,5415782.065
,,,,,Y,Y,esriFieldTypeDouble,,7994419,35,Quebec Ave,35 Quebec Ave,M6P 2T3,former Toronto,Toronto,null,115001,7994416,35,null,null,null,4236,307469.676,4834886.761,-79.46690655,43.65392814,REGULAR,2650993,1043,Subway Stations,HIGH PARK,"30,B",No,No,"Train Platform to Mezzanine, Bus Platform and Street",No,Yes,No,(416) 393-4636,null,http://www.ttc.ca/Subway/Stations/High_Park/station.jsp,null,null,-8846215.209,5412040.709
,,,,,LONGITUDE,LONGITUDE,esriFieldTypeDouble,,14172695,21,Keele St,21 Keele St,M6P 2J8,former Toronto,Toronto,null,115001,20043183,21,null,null,null,703,308021.568,4835072.039,-79.46006348,43.65559371,REGULAR,2238860,1042,Subway Stations,KEELE,"41,B,C - 80 - 89",Yes,No,"Train Platform to Mezzanine, Bus Platform and Street",No,No,No,(416) 393-4636,null,http://www.ttc.ca/Subway/Stations/Keele/station.jsp,null,null,-8845453.442,5412296.973
,,,,,LATITUDE,LATITUDE,esriFieldTypeDouble,,30018824,25,Vitti St,25 Vitti St,null,North York,Toronto,Proposed Sheppard Subway Station-West Portion,115001,30044113,25,null,null,null,19699,306446.701,4845997.821,-79.47955142,43.75393625,REGULAR,3322256,1070,Subway Stations,DOWNSVIEW PARK,null,null,null,null,null,null,null,(416) 393-4636,null,http://www.ttc.ca/Subway/Stations/Downsview_Park/station.jsp,null,null,-8847623.193,5427441.879
,,,,,MAINT_STAGE,MAINT_STAGE,esriFieldTypeString,10,30017900,3950,Keele St,3950 Keele St,null,North York,Toronto,null,115001,11714744,3950,null,null,null,703,305471.28,4847110.488,-79.49166599,43.7639617,RESERVED,3003972,1071,Subway Stations,FINCH WEST,null,null,null,null,null,null,null,(416) 393-4636,null,http://www.ttc.ca/Subway/Stations/Finch_West/station.jsp,null,null,-8848971.416,5428985.751
,,,,,OBJECTID,OBJECTID,esriFieldTypeOID,,30095692,120,Ian Macdonald Blvd,120 Ian Macdonald Blvd,null,North York,Toronto,TTC York University Station,115001,14064684,120,null,null,null,16446,304787.617,4848210.011,-79.50015382,43.77385041,REGULAR,4221597,1072,Subway Stations,YORK UNIVERSITY,null,null,null,null,null,null,null,(416) 393-4636,null,http://www.ttc.ca/Subway/Stations/York_University/station.jsp,null,null,-8849916.641,5430511.451
,,,,,PT_ID,PT_ID,esriFieldTypeInteger,,30017995,185,Northwest Gt,185 Northwest Gt,null,North York,Toronto,null,115001,30103924,185,null,null,null,11173,303969.023,4848579.786,-79.51032299,43.77717834,REGULAR,4278412,1073,Subway Stations,PIONEER VILLAGE,null,null,null,null,null,null,null,(416) 393-4636,null,http://www.ttc.ca/Subway/Stations/Pioneer_Village/station.jsp,null,null,-8851048.668,5431024.52
,,,,,PT_TYPE,PT_TYPE,esriFieldTypeString,60,13977809,2365,Dundas St W,2365 Dundas St W,M6P 1W7,former Toronto,Toronto,null,115001,9638446,2365,null,null,null,558,308571.7,4835221.483,-79.45324212,43.65693632,REGULAR,2658786,1041,Subway Stations,DUNDAS WEST,"40 - 168,A - 504 - 505",No,No,"Train Platform to Mezzanine, Bus Platform and Street",Yes,No,No,(416) 393-4636,GO Bloor,http://www.ttc.ca/Subway/Stations/Dundas_West/station.jsp,null,null,-8844694.092,5412503.552
,,,,,PT_NAME,PT_NAME,esriFieldTypeString,100,12427667,665,Lawrence Ave W,665 Lawrence Ave W,null,North York,Toronto,null,115001,12427668,665,null,null,null,732,309303.79,4841760.58,-79.44411111,43.71579263,REGULAR,3128291,1038,Subway Stations,LAWRENCE WEST,"52,C - 58,A,B - 59A,B,C - 109B,C - 400",No,No,Train Platform to Bus Platform and Street,No,No,No,(416) 393-4636,null,http://www.ttc.ca/Subway/Stations/Lawrence_West/station.jsp,null,null,-8843677.633,5421563.941
,,,,,PT_CONN_ROUTE,PT_CONN_ROUTE,esriFieldTypeString,500,798368,263,Dupont St,263 Dupont St,M5R 1V8,former Toronto,Toronto,null,115001,1141292,263,null,null,null,3343,312315.49,4837208.268,-79.40679935,43.67479162,REGULAR,2220252,1031,Subway Stations,DUPONT,26 - 127,No,No,Train Platform to Mezzanine and Street,No,Yes,No,(416) 393-4636,null,http://www.ttc.ca/Subway/Stations/Dupont/station.jsp,null,null,-8839524.108,5415251.271
,,,,,PT_PUB_PARK,PT_PUB_PARK,esriFieldTypeString,500,8417694,746,Ossington Ave,746 Ossington Ave,M6G 3T9,former Toronto,Toronto,null,115001,14011571,746,null,null,null,4125,310744.074,4835828.969,-79.42630256,43.66239032,REGULAR,2522077,1035,Subway Stations,OSSINGTON,"63,A - 94 - 161,A",No,No,"Train Platform to Mezzanine, Bus Platform and Street",No,No,No,(416) 393-4636,null,http://www.ttc.ca/Subway/Stations/Ossington/station.jsp,null,null,-8841695.195,5413342.771
,,,,,PT_KISS_RIDE,PT_KISS_RIDE,esriFieldTypeString,80,10223914,1006,Dufferin St,1006 Dufferin St,null,former Toronto,Toronto,null,115001,14011415,1006,null,null,null,557,309995.38,4835572.536,-79.4355881,43.66008769,REGULAR,1930829,1039,Subway Stations,DUFFERIN,"29,A - 402",No,No,Train Platform to Mezzanine and Street,No,Yes,No,(416) 393-4636,null,http://www.ttc.ca/Subway/Stations/Dufferin/station.jsp,null,null,-8842728.856,5412988.451
,,,,,PT_ESCALATOR,PT_ESCALATOR,esriFieldTypeString,80,10335150,691,Lansdowne Ave,691 Lansdowne Ave,M6H 3Y9,former Toronto,Toronto,null,115001,14012788,691,null,null,null,3814,309422.692,4835464.182,-79.44268627,43.65910755,REGULAR,3219966,1040,Subway Stations,LANSDOWNE,"47,B,C",No,No,Train Platform to Mezzanine and Street,No,Yes,No,(416) 393-4636,null,http://www.ttc.ca/Subway/Stations/Lansdowne/station.jsp,null,null,-8843519.383,5412838.956
,,,,,PT_ELEVATOR,PT_ELEVATOR,esriFieldTypeString,80,9523574,819,Bathurst St,819 Bathurst St,M5R 3G2,former Toronto,Toronto,null,115001,14014611,819,null,null,null,436,311953.888,4836251.683,-79.41129647,43.66618465,REGULAR,1731277,1032,Subway Stations,BATHURST,7 - 511,No,No,"Train Platform to Mezzanine, Bus Platform and Street",Yes,No,No,(416) 393-4636,null,http://www.ttc.ca/Subway/Stations/Bathurst/station.jsp,null,null,-8840024.724,5413926.659
,,,,,PT_TRANSF_REQ,PT_TRANSF_REQ,esriFieldTypeString,80,10736657,6,Spadina Rd,6 Spadina Rd,M5R 2S7,former Toronto,Toronto,null,115001,14239869,6,null,null,null,4428,312494.132,4836357.2,-79.40459604,43.66712906,REGULAR,2676631,1034,Subway Stations,SPADINA,127 - 510,No,No,"Train Platform to Mezzanine, Bus Platform and Street",Bloor Subway Only,No,No,(416) 393-4636,null,http://www.ttc.ca/Subway/Stations/Spadina/station.jsp,null,null,-8839278.838,5414071.993
,,,,,PT_PUB_WASH,PT_PUB_WASH,esriFieldTypeString,80,14072575,2672,Bloor St W,2672 Bloor St W,M8X 0A7,Etobicoke,Toronto,null,115001,30081325,2672,null,null,null,458,305210.158,4834457.619,-79.49491548,43.65006138,REGULAR,4152814,1044,Subway Stations,OLD MILL,"66A,D",No,No,Train Platform to Street,No,Yes,No,(416) 393-4636,null,http://www.ttc.ca/Subway/Stations/Old_Mill/station.jsp,null,null,-8849333.512,5411447.117
,,,,,PT_PHONE,PT_PHONE,esriFieldTypeString,50,12157361,955,Royal York Rd,955 Royal York Rd,M8X 2E6,Etobicoke,Toronto,null,115001,20052707,955,null,null,null,2413,303885.019,4834246.862,-79.51134219,43.64816383,REGULAR,4112444,1045,Subway Stations,ROYAL YORK,"15 - 48 - 73,A,B,C - 76,B",No,No,"Train Platform to Mezzanine, Bus Platform and Street",No,No,No,(416) 393-4636,null,http://www.ttc.ca/Subway/Stations/Royal_York/station.jsp,null,null,-8851162.125,5411155.188
,,,,,PT_OTHER_TRAN,PT_OTHER_TRAN,esriFieldTypeString,500,7994198,570,Wilson Ave,570 Wilson Ave,null,North York,Toronto,Wilson Subway Station,115001,7994201,570,null,null,null,4693,308728.142,4843796.345,-79.4512368,43.73411172,REGULAR,3231930,1037,Subway Stations,WILSON,"7A - 29 - 96,A,B,C,D,E,G - 104 - 120 - 160,A - 165,A,B,C,D",Yes,Yes,Train Platform to Mezzanine and Street,Yes,No,Yes,(416) 393-4636,null,http://www.ttc.ca/Subway/Stations/Wilson/station.jsp,null,null,-8844471.223,5424387.137
,,,,,PT_WEBSITE,PT_WEBSITE,esriFieldTypeString,80,10877852,5,Christie St,5 Christie St,M6G 3B1,former Toronto,Toronto,null,115001,14011906,5,null,null,null,3165,311383.429,4836022.255,-79.41837283,43.66412477,REGULAR,2242061,1033,Subway Stations,CHRISTIE,126,No,No,Train Platform to Mezzanine and Street,No,Yes,No,(416) 393-4636,null,http://www.ttc.ca/Subway/Stations/Christie/station.jsp,null,null,-8840812.462,5413609.671
,,,,,PT_EXTRA1,PT_EXTRA1,esriFieldTypeString,500,8353629,950,Kipling Ave,950 Kipling Ave,null,Etobicoke,Toronto,null,115001,8353630,950,null,null,null,1935,302026.954,4833188.215,-79.53437278,43.63863852,REGULAR,3164422,1047,Subway Stations,KIPLING,"30 - 44 - 45,A,E - 46 - 49,A - 111 - 112A,C,D - 123,A,B - 191,A - 192",Yes,Yes,"Train Platform to Bus Platform, Lower Mezzanine and Street",Yes,No,Yes,(416) 393-4636,GO Kipling,http://www.ttc.ca/Subway/Stations/Kipling/station.jsp,null,null,-8853725.514,5409688.584
,,,,,PT_EXTRA2,PT_EXTRA2,esriFieldTypeString,500,14047327,1240,Islington Ave,1240 Islington Ave,M8X 1Y8,Etobicoke,Toronto,null,115001,911644,1240,null,null,null,1863,302857.937,4833941.593,-79.52407618,43.6454226,REGULAR,1865364,1046,Subway Stations,ISLINGTON,"37,A,C,D - 50 - 110,A,B",Yes,Yes,"Train Platform to Mezzanine, Bus Platform and Street",No,No,No,(416) 393-4636,Mississauga Transit,http://www.ttc.ca/Subway/Stations/Islington/station.jsp,null,null,-8852579.301,5410732.159
,,,,,,,,,7792705,671,University Ave,671 University Ave,null,former Toronto,Toronto,Queen's Park Subway Entrance,115001,7792702,671,null,null,null,4583,313666.306,4835545.891,-79.39007445,43.65981315,REGULAR,2981787,1060,Subway Stations,QUEEN'S PARK,"5,C - 142 - 506",No,No,Train Platform to Mezzanine and Street,Yes,Yes,No,(416) 393-4636,null,http://www.ttc.ca/Subway/Stations/Queens_Park/station.jsp,null,null,-8837662.301,5412946.205
,,,,,,,,,6349924,449,University Ave,449 University Ave,null,former Toronto,Toronto,null,115001,6349934,449,null,null,null,4583,313832.261,4834991.175,-79.38802613,43.65481796,REGULAR,2662257,1053,Subway Stations,ST PATRICK,142 - 505,No,No,Train Platform to Mezzanine,No,Yes,No,(416) 393-4636,Downtown Bus Terminal,http://www.ttc.ca/Subway/Stations/St_Patrick/station.jsp,null,null,-8837434.284,5412177.615
,,,,,,,,,8067819,181,Queen St W,181 Queen St W,null,former Toronto,Toronto,null,115001,8067830,181,null,null,null,4238,313930.34,4834535.174,-79.38681792,43.65071214,REGULAR,2708843,1056,Subway Stations,OSGOODE,141 - 142 - 143 - 144 - 501 - 502,No,No,Train Platform to Mezzanine,Yes,Yes,No,(416) 393-4636,null,http://www.ttc.ca/Subway/Stations/Osgoode/station.jsp,null,null,-8837299.786,5411545.916
,,,,,,,,,7929667,173,King St W,173 King St W,null,former Toronto,Toronto,null,115001,7929673,173,null,null,null,3780,314064.849,4834173.994,-79.38515665,43.64745937,REGULAR,2218599,1057,Subway Stations,ST ANDREW,141 - 142 - 143 - 144 - 503 - 504 - 508,No,No,Train Platform to Mezzanine,No,Yes,No,(416) 393-4636,null,http://www.ttc.ca/Subway/Stations/St_Andrew/station.jsp,null,null,-8837114.855,5411045.493
,,,,,,,,,11272990,3,Queen St E,3 Queen St E,null,former Toronto,Toronto,null,115001,11272989,3,null,null,null,4237,314631.794,4834731.504,-79.3781187,43.65247044,REGULAR,2677330,1059,Subway Stations,QUEEN,97B - 141 - 142 - 143 - 144 - 501 - 502,No,No,Track Underpass to Mezzanine and Stores,Yes,Yes,No,(416) 393-4636,null,http://www.ttc.ca/Subway/Stations/Queen/station.jsp,null,null,-8836331.394,5411816.432
,,,,,,,,,8771617,3,King St E,3 King St E,null,former Toronto,Toronto,null,115001,8771611,3,null,null,null,3779,314680.648,4834358.672,-79.37751988,43.6491138,REGULAR,3006365,1058,Subway Stations,KING,141 - 142 - 143 - 144 - 503 - 504 - 508,No,No,Train Platform to Mezzanine and Street,No,Yes,No,(416) 393-4636,null,http://www.ttc.ca/Subway/Stations/King/station.jsp,null,null,-8836264.734,5411300.015
,,,,,,,,,6620141,991,Woodbine Ave,991 Woodbine Ave,null,former Toronto,Toronto,null,115001,14023398,991,null,null,null,391,319894.534,4838513.174,-79.31277112,43.68642215,REGULAR,3167183,1048,Subway Stations,WOODBINE,"91,A,C,F - 92,A",No,No,"Train Platform to Mezzanine, Bus Platform and Street",No,No,No,(416) 393-4636,null,http://www.ttc.ca/Subway/Stations/Woodbine/station.jsp,null,null,-8829056.936,5417041.512
,,,,,,,,,875151,355,Strathmore Blvd,355 Strathmore Blvd,null,former Toronto,Toronto,null,115001,1139618,355,null,null,null,346,319065.58,4838256.76,-79.32306016,43.68413047,REGULAR,1500267,1049,Subway Stations,COXWELL,"22,A - 70,A,B",No,No,"Train Platform to Mezzanine, Bus Platform and Street",No,No,No,(416) 393-4636,null,http://www.ttc.ca/Subway/Stations/Coxwell/station.jsp,null,null,-8830202.308,5416688.736
,,,,,,,,,7939998,10,Linnsmore Cres,10 Linnsmore Cres,M4J 4J6,former Toronto,Toronto,null,115001,14023269,10,null,null,null,11375,318482.611,4838083.36,-79.33029539,43.68258062,REGULAR,2047844,1050,Subway Stations,GREENWOOD,"31,B",No,No,"Train Platform to Mezzanine, Bus Platform and Street",No,No,No,(416) 393-4636,null,http://www.ttc.ca/Subway/Stations/Greenwood/station.jsp,null,null,-8831007.729,5416450.163
,,,,,,,,,10386594,743,Pape Ave,743 Pape Ave,M4K 3T1,former Toronto,Toronto,null,115001,10386591,743,null,null,null,280,317296.358,4837782.78,-79.34501561,43.67989591,REGULAR,2293016,1052,Subway Stations,PAPE,"25,D - 72,A - 81",No,No,"Train Platform to Mezzanine, Bus Platform and Street",No,No,No,(416) 393-4636,null,http://www.ttc.ca/Subway/Stations/Pape/station.jsp,null,null,-8832646.376,5416036.912
,,,,,,,,,7939906,30,Donlands Ave,30 Donlands Ave,null,former Toronto,Toronto,null,115001,20080104,30,null,null,null,109,317876.199,4837905.556,-79.33782111,43.68099108,REGULAR,2804643,1051,Subway Stations,DONLANDS,"56,B - 83",No,No,"Train Platform to Mezzanine, Bus Platform and Street",No,No,No,(416) 393-4636,null,http://www.ttc.ca/Subway/Stations/Donlands/station.jsp,null,null,-8831845.488,5416205.486
,,,,,,,,,7641746,3,Dundas St E,3 Dundas St E,null,former Toronto,Toronto,null,115001,7641732,3,null,null,null,3334,314448.53,4835157.825,-79.380383,43.6563103,REGULAR,3108897,1055,Subway Stations,DUNDAS,97B - 505,No,No,Track Underpass to Mezzanine and Stores,Yes,97B Only,No,(416) 393-4636,Downtown Bus Terminal,http://www.ttc.ca/Subway/Stations/Dundas/station.jsp,null,null,-8836583.455,5412407.228
,,,,,,,,,7730268,3,Carlton St,3 Carlton St,M5B 1L2,former Toronto,Toronto,null,115001,14023521,3,null,null,null,3116,314262.412,4835702.286,-79.3826809,43.66121356,REGULAR,2210192,1054,Subway Stations,COLLEGE,97B - 506,No,No,Train Platform to Mezzanine,No,97B Only,No,(416) 393-4636,null,http://www.ttc.ca/Subway/Stations/College/station.jsp,null,null,-8836839.256,5413161.694
,,,,,,,,,12352756,1300,Eglinton Ave W,1300 Eglinton Ave W,null,former Toronto,Toronto,null,115001,12352759,1300,null,null,null,571,309982.119,4839908.894,-79.43571085,43.69912069,REGULAR,3153735,1063,Subway Stations,EGLINTON WEST,"32,B,C,D - 63 - 109B,C",Yes,No,Train Platform to Bus Platform and Street,Yes,No,No,(416) 393-4636,null,http://www.ttc.ca/Subway/Stations/Eglinton_West/station.jsp,null,null,-8842742.521,5418996.545
,,,,,,,,,14077440,785,Glencairn Ave,785 Glencairn Ave,null,North York,Toronto,null,115001,12427671,785,null,null,null,3534,309547.355,4841045.066,-79.44109477,43.70935059,REGULAR,3090095,1062,Subway Stations,GLENCAIRN,14,No,No,Train Platform to Bus Platform and Street,No,Yes,No,(416) 393-4636,null,http://www.ttc.ca/Subway/Stations/Glencairn/station.jsp,null,null,-8843341.856,5420571.814
,,,,,,,,,7963482,265,Runnymede Rd,265 Runnymede Rd,null,former Toronto,Toronto,null,115001,30093857,265,null,null,null,866,306738.239,4834644.676,-79.47597198,43.65174273,REGULAR,4209608,1064,Subway Stations,RUNNYMEDE,"71,B - 77 - 79,B",No,No,"Train Platform to Mezzanine, Bus Platform and Street",No,Yes,No,(416) 393-4636,null,http://www.ttc.ca/Subway/Stations/Runnymede/station.jsp,null,null,-8847224.731,5411705.794
,,,,,,,,,7950531,15,Jane St,15 Jane St,null,former Toronto,Toronto,null,115001,7950483,15,null,null,null,694,306060.305,4834437.533,-79.48437996,43.6498882,REGULAR,2290946,1065,Subway Stations,JANE,"26 - 35A,B,C,D,E - 55",No,No,"Train Platform to Mezzanine, Bus Platform and Street",Yes,Yes,No,(416) 393-4636,null,http://www.ttc.ca/Subway/Stations/Jane/station.jsp,null,null,-8848160.34,5411419.154
,,,,,,,,,30033413,50,Yorkdale Rd,50 Yorkdale Rd,null,North York,Toronto,Yorkdale Subway Station,115001,30093824,50,null,null,null,7149,309010.689,4842793.861,-79.44773717,43.72508658,REGULAR,4209254,1061,Subway Stations,YORKDALE,"47B,C - 109B",Yes,No,Train Platform to Mezzanine and Street,No,Yes,No,(416) 393-4636,GO Yorkdale,http://www.ttc.ca/Subway/Stations/Yorkdale/station.jsp,null,null,-8844081.645,5422996.796
,,,,,,,,,14043670,550,Sheppard Ave E,550 Sheppard Ave E,M2K 3C8,North York,Toronto,null,115001,439196,550,null,null,null,6698,313855.228,4847466.234,-79.38753163,43.7671088,REGULAR,1769230,1066,Subway Stations,BAYVIEW,"11,A - 85,B",No,No,Train Platform to Mezzanine and Street,Yes,Yes,No,(416) 393-4636,null,http://www.ttc.ca/Subway/Stations/Bayview/station.jsp,null,null,-8837379.234,5429470.859
,,,,,,,,,14224877,731,Sheppard Ave E,731 Sheppard Ave E,M2K 3C9,North York,Toronto,null,115001,30059374,731,null,null,null,6698,314790.192,4847686.31,-79.37591147,43.76906912,REGULAR,3792907,1067,Subway Stations,BESSARION,"85,B",No,No,Train Platform to Mezzanine and Street,Yes,Yes,No,(416) 393-4636,null,http://www.ttc.ca/Subway/Stations/Bessarion/station.jsp,null,null,-8836086.046,5429774.37
,,,,,,,,,14043658,1209,Sheppard Ave E,1209 Sheppard Ave E,M2K 3E1,North York,Toronto,null,115001,438609,1209,null,null,null,6698,315510.501,4847906.013,-79.36696336,43.77104524,REGULAR,3164183,1068,Subway Stations,LESLIE,"51 - 85,B",Yes,No,"Train Platform to Mezzanine, Bus Platform and Street",Yes,"85,B Only",No,(416) 393-4636,GO Transit,http://www.ttc.ca/Subway/Stations/Leslie/station.jsp,null,null,-8835089.587,5430077.675
,,,,,,,,,14068203,1700,Sheppard Ave E,1700 Sheppard Ave E,M2J 5G9,North York,Toronto,null,115001,438190,1700,null,null,null,6698,317147.726,4848395.175,-79.34661547,43.77542278,REGULAR,1979427,1069,Subway Stations,DON MILLS,"10 - 24A - 25,D - 85,A,B - 139C,E - 1C,E - 167 - 169 - 190 - 224A,C,D - 268",Yes,Yes,"Train Platform to Mezzanine, Bus Platform and Street",Yes,No,Yes,(416) 393-4636,York Region Transit,http://www.ttc.ca/Subway/Stations/Don_Mills/station.jsp,null,null,-8832824.471,5430752.534
,,,,,,,,,10864311,55,Front St W,55 Front St W,null,former Toronto,Toronto,null,115001,10864309,55,null,null,null,3472,314543.265,4833986.018,-79.37922964,43.64576123,REGULAR,1685566,1036,Subway Stations,UNION,"6,A - 65A - 72A,B - 97B - 172 - 503 - 509 - 510",No,No,Train Platform and Streetcar Platform to Mezzanine,Yes,"6,A - 65A - 72A - 97B - 503  Only",No,(416) 393-4636,"GO Union,  VIA Rail Amtrack",http://www.ttc.ca/Subway/Stations/Union/station.jsp,null,null,-8836455.063,5410784.251
,,,,,,,,,11382307,777,Victoria Park Ave,777 Victoria Park Ave,null,Scarborough,Toronto,null,115001,11382305,777,null,null,null,370,321795.73,4839420.946,-79.28915706,43.69454357,REGULAR,3219105,1013,Subway Stations,VICTORIA PARK,"12,A,B - 24,A - 67,A - 404",Yes,No,"Train Platform to Mezzanine, Bus Platform and Street",No,No,No,(416) 393-4636,null,http://www.ttc.ca/Subway/Stations/Victoria_Park/station.jsp,null,null,-8826428.588,5418293.139
,,,,,,,,,8232328,315,Main St,315 Main St,M4C 4X6,former Toronto,Toronto,null,115001,30104413,315,null,null,null,234,320802.084,4838811.758,-79.30150188,43.68908219,REGULAR,4280473,1012,Subway Stations,MAIN STREET,"20 - 23 - 62 - 64 - 87,A - 113 - 135 - 506",No,No,"Train Platform to Mezzanine, Bus Platform and Street",Yes,No,No,(416) 393-4636,GO Danforth,http://www.ttc.ca/Subway/Stations/Main_Street/station.jsp,null,null,-8827802.808,5417452.334
,,,,,,,,,6341040,1275,McCowan Rd,1275 McCowan Rd,null,Scarborough,Toronto,null,115001,6341039,1275,null,null,null,8454,324770.715,4848352.309,-79.25192231,43.77487063,REGULAR,2748442,1002,Subway Stations,MCCOWAN,"9 - 134,A,B,C",No,No,Train Platform to Mezzanine and Street,No,Yes,No,(416) 393-4636,null,http://www.ttc.ca/Subway/Stations/McCowan/station.jsp,null,null,-8822283.28,5430667.409
,,,,,,,,,14076093,290,Borough Dr,290 Borough Dr,null,Scarborough,Toronto,null,115001,14076106,290,null,null,null,7397,324263.342,4848298.208,-79.25822373,43.77438856,REGULAR,3339693,1003,Subway Stations,SCARBOROUGH CENTRE,"9 - 16 - 21,A,B - 38 - 43B - 129,A - 130,A - 131,E - 132 - 133,A,B,C - 134,A,B,C - 169 - 190 - 194",No,No,"Train and Srt Platform to Mezzanine, Bus Platform and Street",Yes,No,No,(416) 393-4636,GO Scarborough Centre,http://www.ttc.ca/Subway/Stations/Scarborough_Centre/station.jsp,null,null,-8822985.108,5430594.416
,,,,,,,,,6541767,2085,Midland Ave,2085 Midland Ave,null,Scarborough,Toronto,null,115001,108103,2085,null,null,null,8496,323176.506,4847867.581,-79.27173919,43.7705402,REGULAR,4166956,1006,Subway Stations,MIDLAND,57,No,No,Train Platform to Mezzanine and Street,No,Yes,No,(416) 393-4636,null,http://www.ttc.ca/Subway/Stations/Midland/station.jsp,null,null,-8824489.64,5430001.145
,,,,,,,,,6541760,1025,Ellesmere Rd,1025 Ellesmere Rd,null,Scarborough,Toronto,null,115001,6541761,1025,null,null,null,7835,322691.372,4847360.392,-79.27778526,43.76599543,REGULAR,3068257,1007,Subway Stations,ELLESMERE,"95,B,E",Yes,No,No,No,Yes,No,(416) 393-4636,null,http://www.ttc.ca/Subway/Stations/Ellesmere/station.jsp,null,null,-8825162.329,5429299.234
,,,,,,,,,7171805,2444,Lawrence Ave E,2444 Lawrence Ave E,null,Scarborough,Toronto,null,115001,7171803,2444,null,null,null,3828,323279.644,4845682.307,-79.27053647,43.75087634,REGULAR,3097250,1004,Subway Stations,LAWRENCE EAST,"54,A,E",Yes,No,"Track Underpass to Mezzanine, Bus Platform and Street",No,No,No,(416) 393-4636,null,http://www.ttc.ca/Subway/Stations/Lawrence_East/station.jsp,null,null,-8824355.398,5426968.989
,,,,,,,,,6674325,2455,Eglinton Ave E,2455 Eglinton Ave E,null,Scarborough,Toronto,null,115001,6674326,2455,null,null,null,125,323812.147,4843641.863,-79.26399325,43.73248795,REGULAR,4260711,1010,Subway Stations,KENNEDY,"12A,B - 20 - 21,A - 34,C - 43,B - 57 - 86,A,B,D,E - 113 - 116,A,E - 131E",Yes,Yes,"Train and Srt Platform to Mezzanine, Bus Platform and Street",Yes,No,Yes,(416) 393-4636,null,http://www.ttc.ca/Subway/Stations/Kennedy/station.jsp,null,null,-8823627.367,5424136.975
,,,,,,,,,7171768,5714,Yonge St,5714 Yonge St,null,North York,Toronto,null,115001,7171807,5714,null,null,null,4733,311530.92,4849091.465,-79.41638058,43.78176253,REGULAR,1741807,1005,Subway Stations,FINCH,"36A,B,C,D - 39,A,B,C,D,E,F - 42,A,B - 53,A,B,E - 60,B,C,E,F - 97,B,C - 125",Yes,Yes,"Train Platform to Mezzanine, Bus Platform and Street",Yes,"97,B,C Only",Yes,(416) 393-4636,"GO Finch, York Region Transit, Brampton Transit",http://www.ttc.ca/Subway/Stations/Finch/station.jsp,null,null,-8840590.684,5431729.985
,,,,,,,,,14076455,5152,Yonge St,5152 Yonge St,null,North York,Toronto,null,115001,7131365,5152,null,null,null,4733,311796.893,4847675.876,-79.41309143,43.76900952,REGULAR,3803265,1008,Subway Stations,NORTH YORK CENTRE,"97,B,C",No,No,Train Platform to Mezzanine,No,"97,B,C Only",No,(416) 393-4636,null,http://www.ttc.ca/Subway/Stations/North_York_Centre/station.jsp,null,null,-8840224.9,5429765.183
,,,,,,,,,13967653,20,Sheppard Ave W,20 Sheppard Ave W,M2N 7H9,North York,Toronto,null,115001,439820,20,null,null,null,6699,311856.49,4846864.068,-79.41236509,43.76171034,REGULAR,2917182,1009,Subway Stations,SHEPPARD-YONGE,"84,A,D - 85,B - 98,A - 97,B,C - 196B",No,No,Train Platform to Mezzanine and Bus Platform,Yes,"97,B,C Only",Yes,(416) 393-4636,null,http://www.ttc.ca/Subway/Stations/Sheppard-Yonge/station.jsp,null,null,-8840143.683,5428638.731
,,,,,,,,,12036646,4025,Yonge St,4025 Yonge St,M2P 2E3,North York,Toronto,null,115001,20061060,4025,null,null,null,4733,312341.65,4844998.092,-79.40636584,43.74490955,REGULAR,2210417,1015,Subway Stations,YORK MILLS,"78 - 95,A,B,E - 96,A,B,C,D,G - 97A,D - 97,B,C - 115 - 122 - 165,A,C,D",Yes,No,Train Platform to Bus Platform and Street,Yes,"97,B,C Only",No,(416) 393-4636,GO York Mills,http://www.ttc.ca/Subway/Stations/York_Mills/station.jsp,null,null,-8839475.849,5426049.514
,,,,,,,,,7762894,3101,Yonge St,3101 Yonge St,null,former Toronto,Toronto,George Milbrandt Parkette,115001,7762807,3101,null,null,null,4733,312700.883,4842826.937,-79.40193424,43.72535419,REGULAR,3836007,1014,Subway Stations,LAWRENCE,"52,C - 59C - 97,A,B,C,D - 124,A - 162",No,No,"Train Platform to Mezzanine, Bus Platform and Street",No,"97,A,B,C,D Only",No,(416) 393-4636,null,http://www.ttc.ca/Subway/Stations/Lawrence/station.jsp,null,null,-8838982.888,5423038.018
,,,,,,,,,10561028,1035,Sheppard Ave W,1035 Sheppard Ave W,null,North York,Toronto,Sheppard West Station,115001,10561029,1035,null,null,null,6699,307808.127,4845552.741,-79.46264786,43.74992572,REGULAR,4281332,1001,Subway Stations,SHEPPARD WEST,"84,A,D - 105 - 106 - 107B,C,D - 108,A - 117,A - 196A,B",Yes,Yes,"Train Platform to Mezzanine, Bus Platform and Street",Yes,No,Yes,(416) 393-4636,null,http://www.ttc.ca/Subway/Stations/Sheppard_West/station.jsp,null,null,-8845741.496,5426823.819